﻿<?xml version="1.0" encoding="utf-8"?>
<deployment>
  <id>ccba02dd-ea18-4d33-accb-4e065ab9cbee</id>
  <author>N/A</author>
  <deployer>OneDeploy</deployer>
  <authorEmail>N/A</authorEmail>
  <message>OneDeploy</message>
  <progress></progress>
  <status>Success</status>
  <statusText></statusText>
  <lastSuccessEndTime>2025-10-31T11:29:19.2449239Z</lastSuccessEndTime>
  <receivedTime>2025-10-31T11:28:17.9114979Z</receivedTime>
  <startTime>2025-10-31T11:28:19.6132717Z</startTime>
  <endTime>2025-10-31T11:29:19.2449239Z</endTime>
  <complete>True</complete>
  <is_temp>False</is_temp>
  <is_readonly>True</is_readonly>
  <buildSummary />
</deployment>