<step title="Incoming Request" date="2025-10-31T11:28:13.765" instance="bf8ef9" url="/api/publish?type=zip" method="POST" type="request" pid="771,1,18" Accept="*/*" Host="python-flask-webapp-quicklabs.scm.azurewebsites.net" User-Agent="AZURECLI/2.78.0 (MSI)" Accept-Encoding="gzip, deflate" Authorization="Bea..." Cache-Control="no-cache" Content-Type="application/octet-stream" Cookie="ARRAffinity=bf8ef91ccb8fa77b4506825069ff977a4ee74a1061592a5949482f922bad3616; ARRAffinitySameSite=bf8ef91ccb8fa77b4506825069ff977a4ee74a1061592a5949482f922bad3616" Content-Length="2644" x-ms-client-request-id="a4db8332-b64c-11f0-bee4-48f17fd82141" x-ms-artifact-checksum="144201f1626405f2fb7c65da935329de13eb01157a7f6b120b10abaa83258c1c" X-ARR-LOG-ID="a4db8332-b64c-11f0-bee4-48f17fd82141" CLIENT-IP="51.190.179.118:51171" X-SITE-DEPLOYMENT-ID="python-flask-webapp-quicklabs" WAS-DEFAULT-HOSTNAME="python-flask-webapp-quicklabs.scm.azurewebsites.net" X-Forwarded-Proto="https" X-AppService-Proto="https" X-Forwarded-TlsVersion="1.3" X-WAWS-Unencoded-URL="/api/publish?type=zip" X-Client-IP="51.190.179.118" X-Client-Port="51171" >
  <step title="OneDeploy" date="2025-10-31T11:28:13.863" >
    <step title="None repository commit" date="2025-10-31T11:28:13.880" >
      <step title="Commit id: ccba02dd-ea18-4d33-accb-4e065ab9cbee" date="2025-10-31T11:28:13.889" Message="N/A" AuthorName="N/A" AuthorEmail="N/A" /><!-- duration: 4ms -->
    </step><!-- duration: 16ms -->
    <step title="Starting PushDeployAsync" date="2025-10-31T11:28:13.900" /><!-- duration: 3ms -->
    <step title="Writing artifact to /tmp/zipdeploy/871ceace-e4a1-422c-a190-f0a848b4a026.zip" date="2025-10-31T11:28:13.915" >
      <step title="Writing multipart request body to /tmp/zipdeploy/871ceace-e4a1-422c-a190-f0a848b4a026.zip" date="2025-10-31T11:28:13.922" /><!-- duration: 4ms -->
    </step><!-- duration: 48ms -->
    <step title="Attempting to fetch target branch HEAD" date="2025-10-31T11:28:13.990" /><!-- duration: 3ms -->
    <step title="Acquiring Deployment Lock" date="2025-10-31T11:28:13.998" /><!-- duration: 6ms -->
    <step title="Acquired Deployment Lock" date="2025-10-31T11:28:14.041" /><!-- duration: 4ms -->
    <step title="Performing fetch based deployment" date="2025-10-31T11:28:14.054" >
      <step title="Creating temporary deployment" date="2025-10-31T11:28:14.059" /><!-- duration: 88ms -->
      <step title="Releasing Deployment Lock" date="2025-10-31T11:28:15.384" /><!-- duration: 6ms -->
      <step title="Cleaning up temp folders from previous zip deployments and extracting pushed zip file /tmp/zipdeploy/871ceace-e4a1-422c-a190-f0a848b4a026.zip (0.00 MB) to /tmp/zipdeploy/extracted" date="2025-10-31T11:28:15.455" >
        <step title="ChmodRecursive Process exited with total time taken in ms: 80" date="2025-10-31T11:28:15.576" /><!-- duration: 19ms -->
      </step><!-- duration: 151ms -->
      <step title="None repository commit" date="2025-10-31T11:28:15.626" >
        <step title="Commit id: ccba02dd-ea18-4d33-accb-4e065ab9cbee" date="2025-10-31T11:28:15.630" Message="OneDeploy" AuthorName="N/A" AuthorEmail="N/A" /><!-- duration: 4ms -->
      </step><!-- duration: 11ms -->
      <step title="Deployment timer started" date="2025-10-31T11:28:17.692" >
        <step title="DeploymentManager.Deploy(id:ccba02dd-ea18-4d33-accb-4e065ab9cbee)" date="2025-10-31T11:28:17.723" >
          <step title="Collecting changeset information" date="2025-10-31T11:28:17.841" /><!-- duration: 211ms -->
          <step title="Updating submodules" date="2025-10-31T11:28:18.081" /><!-- duration: 1378ms -->
          <step title="Determining deployment builder" date="2025-10-31T11:28:19.703" >
            <step title="Builder is OryxBuilder" date="2025-10-31T11:28:19.737" /><!-- duration: 7ms -->
          </step><!-- duration: 52ms -->
          <step title="PreDeployment: context.CleanOutputPath False" date="2025-10-31T11:28:19.827" >
            <step title="PreDeployment: context.OutputPath /home/site/wwwroot" date="2025-10-31T11:28:19.968" >
              <step title="Building" date="2025-10-31T11:28:20.148" >
                <step title="Executing external process" date="2025-10-31T11:28:20.564" type="process" path="bash" arguments="-c &quot;oryx build /tmp/zipdeploy/extracted -o /home/site/wwwroot --platform python --platform-version 3.11 -p virtualenv_name=antenv --log-file /tmp/build-debug.log  -i /tmp/8de187097f12454 --compress-destination-dir | tee /tmp/oryx-build.log ; exit $PIPESTATUS &quot;" /><!-- duration: 56346ms -->
                <step title="Using PythonDeploymentLogParser" date="2025-10-31T11:29:17.323" /><!-- duration: 4ms -->
                <step title="Modified file to trigger a restart of the app container." date="2025-10-31T11:29:18.657" /><!-- duration: 5ms -->
                <step title="Skip function trigger and logicapp sync because function is not enabled." date="2025-10-31T11:29:18.844" /><!-- duration: 7ms -->
              </step><!-- duration: 59395ms -->
            </step><!-- duration: 59581ms -->
            <step title="Cleaning up temp files" date="2025-10-31T11:29:19.553" /><!-- duration: 1695ms -->
            <step title="Cleaning up temp files" date="2025-10-31T11:29:21.253" /><!-- duration: 511ms -->
            <step title="Reloading status file with latest updates" date="2025-10-31T11:29:21.792" >
              <step title="WebHooksManager.PublishEventAsync: PostDeployment" date="2025-10-31T11:29:21.797" /><!-- duration: 89ms -->
            </step><!-- duration: 97ms -->
            <step title="Cleaning up temporary deployment - fetch deployment was successful" date="2025-10-31T11:29:21.895" /><!-- duration: 3ms -->
          </step><!-- duration: 62143ms -->
        </step><!-- duration: 64257ms -->
        <step title="Outgoing response" date="2025-10-31T11:29:21.994" type="response" statusCode="200" statusText="OK" /><!-- duration: 3ms -->
      </step><!-- duration: 64308ms -->
