<step title="Incoming Request" date="2025-10-31T12:56:30.932" instance="bf8ef9" url="/api/publish?type=zip" method="POST" type="request" pid="771,1,56" Accept="*/*" Host="python-flask-webapp-quicklabs.scm.azurewebsites.net" User-Agent="AZURECLI/2.78.0 (MSI)" Accept-Encoding="gzip, deflate" Authorization="Bea..." Cache-Control="no-cache" Content-Type="application/octet-stream" Cookie="ARRAffinity=bf8ef91ccb8fa77b4506825069ff977a4ee74a1061592a5949482f922bad3616; ARRAffinitySameSite=bf8ef91ccb8fa77b4506825069ff977a4ee74a1061592a5949482f922bad3616" Content-Length="3448" x-ms-client-request-id="fd029b40-b658-11f0-8e51-48f17fd82141" x-ms-artifact-checksum="302111aba238d3e019dfc13299a7efba28cec79d59e8d4ba7a1605170a831f1c" X-ARR-LOG-ID="fd029b40-b658-11f0-8e51-48f17fd82141" CLIENT-IP="51.190.179.118:64941" X-SITE-DEPLOYMENT-ID="python-flask-webapp-quicklabs" WAS-DEFAULT-HOSTNAME="python-flask-webapp-quicklabs.scm.azurewebsites.net" X-Forwarded-Proto="https" X-AppService-Proto="https" X-Forwarded-TlsVersion="1.3" X-WAWS-Unencoded-URL="/api/publish?type=zip" X-Client-IP="51.190.179.118" X-Client-Port="64941" >
  <step title="OneDeploy" date="2025-10-31T12:56:31.033" >
    <step title="Starting PushDeployAsync" date="2025-10-31T12:56:31.046" /><!-- duration: 5ms -->
    <step title="Writing artifact to /tmp/zipdeploy/fb4bd4c8-ba2d-4934-8d27-b5aeb7859096.zip" date="2025-10-31T12:56:31.071" >
      <step title="Writing multipart request body to /tmp/zipdeploy/fb4bd4c8-ba2d-4934-8d27-b5aeb7859096.zip" date="2025-10-31T12:56:31.076" /><!-- duration: 5ms -->
    </step><!-- duration: 62ms -->
    <step title="Removing previous build artifact&apos;s manifest file" date="2025-10-31T12:56:31.139" >
      <step title="Attempting to fetch target branch HEAD" date="2025-10-31T12:56:31.176" /><!-- duration: 3ms -->
      <step title="Acquiring Deployment Lock" date="2025-10-31T12:56:31.191" /><!-- duration: 4ms -->
      <step title="Acquired Deployment Lock" date="2025-10-31T12:56:31.301" /><!-- duration: 3ms -->
      <step title="Performing fetch based deployment" date="2025-10-31T12:56:31.312" >
        <step title="Creating temporary deployment" date="2025-10-31T12:56:31.318" /><!-- duration: 90ms -->
        <step title="Releasing Deployment Lock" date="2025-10-31T12:56:32.710" /><!-- duration: 8ms -->
        <step title="Cleaning up temp folders from previous zip deployments and extracting pushed zip file /tmp/zipdeploy/fb4bd4c8-ba2d-4934-8d27-b5aeb7859096.zip (0.00 MB) to /tmp/zipdeploy/extracted" date="2025-10-31T12:56:32.754" >
          <step title="ChmodRecursive Process exited with total time taken in ms: 86" date="2025-10-31T12:56:32.887" /><!-- duration: 17ms -->
        </step><!-- duration: 155ms -->
        <step title="None repository commit" date="2025-10-31T12:56:32.918" >
          <step title="Commit id: 9308c08f-35f1-4bb2-a3fb-604e3823d9c7" date="2025-10-31T12:56:32.928" Message="OneDeploy" AuthorName="N/A" AuthorEmail="N/A" /><!-- duration: 4ms -->
        </step><!-- duration: 17ms -->
        <step title="Deployment timer started" date="2025-10-31T12:56:34.950" >
          <step title="DeploymentManager.Deploy(id:9308c08f-35f1-4bb2-a3fb-604e3823d9c7)" date="2025-10-31T12:56:34.980" >
            <step title="Collecting changeset information" date="2025-10-31T12:56:35.015" /><!-- duration: 101ms -->
            <step title="Updating submodules" date="2025-10-31T12:56:35.124" /><!-- duration: 1248ms -->
            <step title="Determining deployment builder" date="2025-10-31T12:56:36.594" >
              <step title="Builder is OryxBuilder" date="2025-10-31T12:56:36.605" /><!-- duration: 4ms -->
            </step><!-- duration: 19ms -->
            <step title="PreDeployment: context.CleanOutputPath False" date="2025-10-31T12:56:36.671" >
              <step title="PreDeployment: context.OutputPath /home/site/wwwroot" date="2025-10-31T12:56:36.797" >
                <step title="Building" date="2025-10-31T12:56:36.958" >
                  <step title="Executing external process" date="2025-10-31T12:56:37.542" type="process" path="bash" arguments="-c &quot;oryx build /tmp/zipdeploy/extracted -o /home/site/wwwroot --platform python --platform-version 3.11 -p virtualenv_name=antenv --log-file /tmp/build-debug.log  -i /tmp/8de187ced1bf7dc --compress-destination-dir | tee /tmp/oryx-build.log ; exit $PIPESTATUS &quot;" /><!-- duration: 64089ms -->
                  <step title="Using PythonDeploymentLogParser" date="2025-10-31T12:57:42.007" /><!-- duration: 3ms -->
                  <step title="Modified file to trigger a restart of the app container." date="2025-10-31T12:57:43.340" /><!-- duration: 3ms -->
                  <step title="Skip function trigger and logicapp sync because function is not enabled." date="2025-10-31T12:57:43.350" /><!-- duration: 11ms -->
                </step><!-- duration: 67190ms -->
              </step><!-- duration: 67357ms -->
              <step title="Cleaning up temp files" date="2025-10-31T12:57:44.158" /><!-- duration: 1860ms -->
              <step title="Cleaning up temp files" date="2025-10-31T12:57:46.039" /><!-- duration: 609ms -->
              <step title="Reloading status file with latest updates" date="2025-10-31T12:57:46.919" >
                <step title="WebHooksManager.PublishEventAsync: PostDeployment" date="2025-10-31T12:57:46.958" /><!-- duration: 79ms -->
              </step><!-- duration: 126ms -->
              <step title="Cleaning up temporary deployment - fetch deployment was successful" date="2025-10-31T12:57:47.052" /><!-- duration: 7ms -->
            </step><!-- duration: 70503ms -->
          </step><!-- duration: 72199ms -->
          <step title="Outgoing response" date="2025-10-31T12:57:47.188" type="response" statusCode="200" statusText="OK" /><!-- duration: 12ms -->
        </step><!-- duration: 72254ms -->
